{
    "AADC results": {
        "CVA": 0.11319290842136065,
        "DVA": -0.094255817202869,
        "NEE": [
            0.0,
            0.0,
            0.0,
            0.0,
            0.0,
            -0.4513619648114625,
            0.0,
            0.0,
            0.0,
            0.0,
            0.0,
            0.0,
            0.0,
            0.0,
            -0.8999999999999997,
            -0.693530924315425,
            -0.8999999999999997,
            -0.8999999999999997,
            -0.8999999999999997,
            -0.21034896306653458,
            0.0,
            0.0,
            0.0,
            -0.6175509173330702,
            0.0,
            -0.19846199527894987,
            -0.5946449231824996,
            -0.3979004689458071,
            -0.17235489962441297,
            -0.8999999999999997,
            -0.21063257342274597,
            0.0,
            0.0,
            0.0,
            0.0,
            0.0,
            -0.32763141570727816,
            -0.5362402082938054,
            -0.49144910953706533,
            -0.025785220408285757,
            -0.9176895198852875,
            -0.8999999999999997,
            -0.41286625408930777,
            -0.8999999999999997,
            -0.8999999999999997,
            -0.6129700232989738,
            0.0,
            -0.38346906613994086,
            -0.45617939107935984,
            -9.755931160328191e-06,
            0.0,
            -0.0005066165035441077,
            -0.4739235386809278,
            -0.10147246674900598,
            -0.018993973513987353,
            0.0,
            -0.40646379447554826,
            -0.47864143066213954,
            -0.7261744703705613,
            -0.8999999999999997,
            -0.9601246741097655
        ],
        "PEE": [
            0.8999999999999997,
            0.8999999999999997,
            0.7224129344842039,
            0.9141104655450789,
            0.2902884328330998,
            0.0,
            0.9067411036272317,
            0.8999999999999997,
            0.5580461142418645,
            0.5828397763528608,
            0.9462362360011998,
            0.8999999999999997,
            0.8975270424727463,
            0.8999999999999998,
            0.0,
            0.0,
            0.0,
            0.0,
            0.0,
            0.0,
            0.8999999999999997,
            0.7064204802724369,
            0.8224674104822716,
            0.0,
            0.6395292892045309,
            0.0,
            0.0,
            0.0,
            0.0,
            0.0,
            0.0,
            0.8999999999999997,
            0.5614752298639343,
            0.7611637023892047,
            0.11047197313988336,
            0.5972094517715337,
            0.0,
            0.0,
            0.0,
            0.02626014395606176,
            0.0,
            0.0,
            0.0,
            0.0,
            0.0,
            0.0,
            0.0919129191274336,
            0.0,
            0.0,
            0.24112862952753739,
            0.5022111672196288,
            0.1580971057549167,
            0.0,
            0.0022836311694257897,
            0.051899674966164835,
            0.8624930262052337,
            0.0,
            0.0,
            0.0,
            0.0,
            0.0
        ]
    },
    "AAD_risks": null,
    "Relative performance ": 0.007037327698101078,
    "bump&revalue risks": {
        "CVA": {
            "MeanRev": [
                null,
                null,
                null,
                0.0010652367876673452
            ],
            "r0": [
                0.1287890460943686
            ],
            "sigma": [
                0.25107011469849283
            ]
        },
        "DVA": {
            "MeanRev": [
                null,
                null,
                null,
                0.00012651546477115971
            ],
            "r0": [
                0.014844152296245028
            ],
            "sigma": [
                -0.6135837310461412
            ]
        }
    },
    "compiler data": {
        "CheckPoint size ": 0,
        "Code size forward": 106739049,
        "Code size reverse": 404543,
        "Compilation time": 8103093,
        "Compilation time / (Base time / Iterations)": 134,
        "Const data size": 8284280,
        "Stack size": 0,
        "Work array size": 12144
    },
    "primal": {
        "CVA": 0.1131929084213623,
        "DVA": -0.0942558172028705,
        "NEE": [
            0.0,
            0.0,
            0.0,
            0.0,
            0.0,
            -0.4513619648114539,
            0.0,
            0.0,
            0.0,
            0.0,
            0.0,
            0.0,
            0.0,
            0.0,
            -0.9000000000000324,
            -0.6935309243154222,
            -0.9000000000000324,
            -0.9000000000000324,
            -0.9000000000000324,
            -0.21034896306652837,
            0.0,
            0.0,
            0.0,
            -0.6175509173330688,
            0.0,
            -0.19846199527894792,
            -0.5946449231824982,
            -0.39790046894580733,
            -0.1723548996244136,
            -0.9000000000000324,
            -0.21063257342274933,
            0.0,
            0.0,
            0.0,
            0.0,
            0.0,
            -0.32763141570727977,
            -0.5362402082938067,
            -0.49144910953706517,
            -0.025785220408286628,
            -0.9176895198853151,
            -0.9000000000000324,
            -0.4128662540893067,
            -0.9000000000000324,
            -0.9000000000000324,
            -0.6129700232989728,
            0.0,
            -0.38346906613994075,
            -0.4561793910793607,
            -9.755931160319517e-06,
            0.0,
            -0.0005066165035440876,
            -0.4739235386809294,
            -0.10147246674900613,
            -0.018993973513987048,
            0.0,
            -0.4064637944755473,
            -0.4786414306621401,
            -0.7261744703705592,
            -0.9000000000000324,
            -0.9601246741097743
        ],
        "PEE": [
            0.9000000000000324,
            0.9000000000000324,
            0.7224129344842083,
            0.9141104655450808,
            0.29028843283311373,
            0.0,
            0.9067411036272355,
            0.9000000000000324,
            0.5580461142418687,
            0.5828397763528649,
            0.9462362360012017,
            0.9000000000000324,
            0.8975270424727507,
            0.9000000000000324,
            0.0,
            0.0,
            0.0,
            0.0,
            0.0,
            0.0,
            0.9000000000000324,
            0.7064204802724375,
            0.8224674104822781,
            0.0,
            0.6395292892045288,
            0.0,
            0.0,
            0.0,
            0.0,
            0.0,
            0.0,
            0.9000000000000324,
            0.5614752298639343,
            0.7611637023892078,
            0.11047197313988054,
            0.5972094517715318,
            0.0,
            0.0,
            0.0,
            0.026260143956061053,
            0.0,
            0.0,
            0.0,
            0.0,
            0.0,
            0.0,
            0.09191291912743353,
            0.0,
            0.0,
            0.2411286295275413,
            0.502211167219631,
            0.15809710575491726,
            0.0,
            0.0022836311694257572,
            0.051899674966165224,
            0.8624930262052412,
            0.0,
            0.0,
            0.0,
            0.0,
            0.0
        ]
    },
    "primal time": 125038088
}
