{
    "AADC results": {
        "CVA": 0.13147273464478212,
        "DVA": -0.1534773201457601,
        "NEE": [
            0.0,
            0.0,
            0.0,
            0.0,
            -0.8999999999999986,
            -0.8999999999999986,
            0.0,
            0.0,
            -0.8999999999999986,
            0.0,
            0.0,
            -0.7903539325154443,
            0.0,
            0.0,
            0.0,
            0.0,
            -0.8793158144233261,
            -0.8999999999999986,
            -0.2967533655511172,
            -0.8999999999999986,
            -0.8999999999999986,
            -0.9000000000000006,
            -0.8999999999999988,
            -0.8999999999999986,
            -0.899976115336381,
            -0.8999999999999986,
            -0.9,
            0.0,
            -0.7201368922528795,
            -0.8999999999999998,
            -0.8999999999999998,
            -0.15352563185702064,
            0.0,
            0.0,
            0.0,
            -3.5419619194887456e-05,
            -0.8999999999999986,
            -0.8999999999999998,
            0.0,
            -0.8865059394373718,
            0.0,
            -0.8999999999999997,
            -0.8999999999999998,
            -0.8940822358818501,
            -0.8999999999999998,
            -0.8999999999999997,
            -0.9000000000000006,
            -0.8999999999999997,
            0.0,
            -0.8999999999999997,
            -0.9001775662542482,
            -0.6181734555920462,
            -0.6337841029431334,
            0.0,
            0.0,
            -0.3015339618855327,
            0.0,
            0.0,
            0.0,
            -0.8999999999999997,
            -0.8999999999999996
        ],
        "PEE": [
            0.8999999999999986,
            0.8999999999999986,
            0.8999999999999986,
            0.8999999999999986,
            0.0,
            0.0,
            0.8999999999999986,
            0.8999999999999986,
            0.0,
            0.8999999999999986,
            0.8999999999999986,
            0.0,
            0.8999999999999986,
            0.8999999999999986,
            0.8999999999999986,
            0.8999999999999986,
            0.0,
            0.0,
            0.00418554111427182,
            0.0,
            0.0,
            0.0,
            0.0,
            0.0,
            0.0,
            0.0,
            0.0,
            0.8999999999999986,
            0.0,
            0.0,
            0.0,
            0.0406036504858015,
            0.8996067625304341,
            0.8999999999999996,
            0.9000000000000006,
            0.7070905575799061,
            0.0,
            0.0,
            0.8999999999999997,
            0.0,
            0.8999999999999987,
            0.0,
            0.0,
            0.0,
            0.0,
            0.0,
            0.0,
            0.0,
            0.8999999999999997,
            0.0,
            0.0,
            0.0,
            0.0,
            0.8970619294210548,
            0.8999999999999998,
            0.0005288689358835188,
            0.825363554380873,
            0.8999999999999997,
            0.8999999999999998,
            0.0,
            0.0
        ]
    },
    "AAD_risks": null,
    "Relative performance ": 0.008849618644345908,
    "bump&revalue risks": {
        "CVA": {
            "MeanRev": [
                null,
                null,
                null,
                0.0003564731843042068
            ],
            "r0": [
                0.04407943454687313
            ],
            "sigma": [
                -0.26467886493630743
            ]
        },
        "DVA": {
            "MeanRev": [
                null,
                null,
                null,
                0.0006959377518711563
            ],
            "r0": [
                0.08605605117395498
            ],
            "sigma": [
                0.9204435491572127
            ]
        }
    },
    "compiler data": {
        "CheckPoint size ": 0,
        "Code size forward": 2427477706,
        "Code size reverse": 9779159,
        "Compilation time": 194859789,
        "Compilation time / (Base time / Iterations)": 132,
        "Const data size": 199953899,
        "Stack size": 0,
        "Work array size": 132144
    },
    "primal": {
        "CVA": 0.13147273464478698,
        "DVA": -0.15347732014576465,
        "NEE": [
            0.0,
            0.0,
            0.0,
            0.0,
            -0.9000000000000324,
            -0.9000000000000324,
            0.0,
            0.0,
            -0.9000000000000324,
            0.0,
            0.0,
            -0.7903539325154342,
            0.0,
            0.0,
            0.0,
            0.0,
            -0.8793158144233408,
            -0.9000000000000324,
            -0.2967533655511344,
            -0.9000000000000324,
            -0.9000000000000324,
            -0.9000000000000324,
            -0.9000000000000324,
            -0.9000000000000324,
            -0.8999761153364149,
            -0.9000000000000324,
            -0.9000000000000324,
            0.0,
            -0.7201368922528888,
            -0.9000000000000324,
            -0.9000000000000324,
            -0.15352563185699422,
            0.0,
            0.0,
            0.0,
            -3.541961919492332e-05,
            -0.9000000000000324,
            -0.9000000000000324,
            0.0,
            -0.8865059394373891,
            0.0,
            -0.9000000000000324,
            -0.9000000000000324,
            -0.8940822358818755,
            -0.9000000000000324,
            -0.9000000000000324,
            -0.9000000000000324,
            -0.9000000000000324,
            0.0,
            -0.9000000000000324,
            -0.9001775662542809,
            -0.6181734555920545,
            -0.6337841029431397,
            0.0,
            0.0,
            -0.3015339618855388,
            0.0,
            0.0,
            0.0,
            -0.9000000000000324,
            -0.9000000000000324
        ],
        "PEE": [
            0.9000000000000324,
            0.9000000000000324,
            0.9000000000000324,
            0.9000000000000324,
            0.0,
            0.0,
            0.9000000000000324,
            0.9000000000000324,
            0.0,
            0.9000000000000324,
            0.9000000000000324,
            0.0,
            0.9000000000000324,
            0.9000000000000324,
            0.9000000000000324,
            0.9000000000000324,
            0.0,
            0.0,
            0.0041855411142708845,
            0.0,
            0.0,
            0.0,
            0.0,
            0.0,
            0.0,
            0.0,
            0.0,
            0.9000000000000324,
            0.0,
            0.0,
            0.0,
            0.040603650485813145,
            0.8996067625304663,
            0.9000000000000324,
            0.9000000000000326,
            0.7070905575798995,
            0.0,
            0.0,
            0.9000000000000324,
            0.0,
            0.9000000000000324,
            0.0,
            0.0,
            0.0,
            0.0,
            0.0,
            0.0,
            0.0,
            0.9000000000000324,
            0.0,
            0.0,
            0.0,
            0.0,
            0.8970619294210813,
            0.9000000000000324,
            0.0005288689358834761,
            0.8253635543808852,
            0.9000000000000324,
            0.9000000000000324,
            0.0,
            0.0
        ]
    },
    "primal time": 3052204517
}
