{
    "AADC results": {
        "CVA": 0.09433275555872483,
        "DVA": -0.1308165732693366,
        "NEE": [
            0.0,
            0.0,
            0.0,
            0.0,
            0.0,
            0.0,
            0.0,
            0.0,
            0.0,
            0.0,
            0.0,
            0.0,
            0.0,
            0.0,
            0.0,
            0.0,
            0.0,
            0.0,
            0.0,
            -0.497093051234669,
            -0.4230909893769864,
            0.0,
            -0.00034157645339883216,
            -0.9730032831589539,
            -0.6575928594499292,
            -0.9007550363338286,
            -0.8753990267356013,
            -0.847329189893479,
            -0.8328869430724456,
            -0.9579248821317139,
            -0.5714403201798545,
            -0.20467965692747517,
            -0.18734378876235525,
            -0.4882515715287517,
            -0.3826381422700764,
            -0.7768799393411105,
            -0.670593816241184,
            -0.946674575664219,
            -0.912102431021759,
            -0.9648275867008324,
            -0.9291431250677425,
            -0.8999999999999997,
            -0.8239875692607543,
            -0.5714601979182915,
            -0.8792785961968985,
            -0.8550587503268885,
            -0.706705816551453,
            -0.7666469443380673,
            -0.6742585725431904,
            -0.5383639256790461,
            -0.5914625876717384,
            -0.9292631051692165,
            -0.8999999999999997,
            -0.3808030801892745,
            -0.1524974707196058,
            -0.13759691029141807,
            -0.17580096808721893,
            -0.4714891469059046,
            -0.5615627081412162,
            -0.6967853096629884,
            -0.825759814790075
        ],
        "PEE": [
            0.8999999999999997,
            0.9735744402105775,
            0.9893858369651198,
            0.9123013332738621,
            0.8813978547439842,
            0.7446742972475924,
            0.5614904199055051,
            0.701795952290994,
            0.6296924436691591,
            0.9191747648187815,
            0.8999999999999997,
            0.900952843182639,
            0.9614099613480196,
            0.7173255141741652,
            0.1748784150632362,
            0.7509462680535837,
            0.6016038483887329,
            0.7682326623429501,
            0.1420928462671182,
            0.0,
            0.0,
            0.15184819171733632,
            0.02180104938825154,
            0.0,
            0.0,
            0.0,
            0.0,
            0.0,
            0.0,
            0.0,
            0.0,
            0.0,
            0.0,
            0.0,
            0.0,
            0.0,
            0.0,
            0.0,
            0.0,
            0.0,
            0.0,
            0.0,
            0.0,
            0.0,
            0.0,
            0.0,
            0.0,
            0.0,
            0.0,
            0.0,
            0.0,
            0.0,
            0.0,
            0.0,
            0.0,
            0.0,
            0.0,
            0.0,
            0.0,
            0.0,
            0.0
        ]
    },
    "AAD_risks": null,
    "Relative performance ": 0.0077680920823376175,
    "bump&revalue risks": {
        "CVA": {
            "MeanRev": [
                null,
                null,
                null,
                0.0012545714467293578
            ],
            "r0": [
                0.1563659660086536
            ],
            "sigma": [
                -0.044965250967088366
            ]
        },
        "DVA": {
            "MeanRev": [
                null,
                null,
                null,
                0.0020476453865825306
            ],
            "r0": [
                0.15486479321147328
            ],
            "sigma": [
                0.39746962665621055
            ]
        }
    },
    "compiler data": {
        "CheckPoint size ": 0,
        "Code size forward": 25950311,
        "Code size reverse": 83891,
        "Compilation time": 1874131,
        "Compilation time / (Base time / Iterations)": 150,
        "Const data size": 1734379,
        "Stack size": 0,
        "Work array size": 6733
    },
    "primal": {
        "CVA": 0.0943327555587254,
        "DVA": -0.13081657326933743,
        "NEE": [
            0.0,
            0.0,
            0.0,
            0.0,
            0.0,
            0.0,
            0.0,
            0.0,
            0.0,
            0.0,
            0.0,
            0.0,
            0.0,
            0.0,
            0.0,
            0.0,
            0.0,
            0.0,
            0.0,
            -0.49709305123466857,
            -0.4230909893769863,
            0.0,
            -0.000341576453398802,
            -0.9730032831589523,
            -0.6575928594499267,
            -0.900755036333861,
            -0.8753990267356014,
            -0.8473291898934796,
            -0.832886943072445,
            -0.9579248821317219,
            -0.5714403201798547,
            -0.20467965692747617,
            -0.18734378876235577,
            -0.4882515715287516,
            -0.3826381422700776,
            -0.7768799393411113,
            -0.6705938162411833,
            -0.9466745756642255,
            -0.9121024310217879,
            -0.9648275867008379,
            -0.929143125067763,
            -0.9000000000000324,
            -0.8239875692607536,
            -0.5714601979182911,
            -0.8792785961968972,
            -0.8550587503268856,
            -0.7067058165514549,
            -0.766646944338065,
            -0.6742585725431888,
            -0.5383639256790447,
            -0.5914625876717355,
            -0.9292631051692369,
            -0.9000000000000324,
            -0.3808030801892746,
            -0.15249747071960715,
            -0.1375969102914191,
            -0.1758009680872201,
            -0.47148914690590626,
            -0.5615627081412176,
            -0.6967853096629905,
            -0.8257598147900743
        ],
        "PEE": [
            0.9000000000000324,
            0.9735744402105756,
            0.9893858369651215,
            0.9123013332738642,
            0.881397854743984,
            0.7446742972475943,
            0.5614904199055043,
            0.7017959522909942,
            0.6296924436691551,
            0.9191747648187808,
            0.9000000000000324,
            0.9009528431826714,
            0.9614099613480215,
            0.7173255141741669,
            0.17487841506323806,
            0.7509462680535821,
            0.601603848388735,
            0.7682326623429503,
            0.14209284626711854,
            0.0,
            0.0,
            0.1518481917173387,
            0.021801049388254435,
            0.0,
            0.0,
            0.0,
            0.0,
            0.0,
            0.0,
            0.0,
            0.0,
            0.0,
            0.0,
            0.0,
            0.0,
            0.0,
            0.0,
            0.0,
            0.0,
            0.0,
            0.0,
            0.0,
            0.0,
            0.0,
            0.0,
            0.0,
            0.0,
            0.0,
            0.0,
            0.0,
            0.0,
            0.0,
            0.0,
            0.0,
            0.0,
            0.0,
            0.0,
            0.0,
            0.0,
            0.0,
            0.0
        ]
    },
    "primal time": 25827320
}
